{
  "config": {
    "purpose": "Tab. 3 re-measurement in CUDA Graph mode for unified timing methodology with Tab. 2 production-path.",
    "framework": "benchmarks/bench_compute_path_iso_cuda_graph.py",
    "mode": "cuda_graph_replay",
    "warmup": 5,
    "iters": 20,
    "device": "NVIDIA RTX A6000",
    "torch_version": "2.10.0+cu128",
    "timestamp": "2026-05-07T12:03",
    "model_shape": "H_kv=8, group=4, head_dim=128, block_size=16",
    "notes": "Adds Class (a) baselines: FA2 (FP16, no quantization), R2 dequant+FA2 (separate-kernel staging), and R1 fused dequant+FA2 (in-kernel SMEM-tile dequant)."
  },
  "results": [
    {
      "B": 1,
      "N": 4096,
      "FA2_us": 43.007999658584595,
      "CDA_us": 53.13599854707718,
      "dequant_FA2_us": 113.66400122642517,
      "fused_dequant_FA2_us": 169.98399794101715,
      "ratio_CDA_vs_FA2": 1.235491047453796,
      "ratio_CDA_vs_dequantFA2": 0.46748309028139207,
      "ratio_CDA_vs_fused_dequantFA2": 0.31259412174500606
    },
    {
      "B": 1,
      "N": 65536,
      "FA2_us": 405.5039882659912,
      "CDA_us": 296.9599962234497,
      "dequant_FA2_us": 1329.15198802948,
      "fused_dequant_FA2_us": 1769.4720029830933,
      "ratio_CDA_vs_FA2": 0.7323232442011351,
      "ratio_CDA_vs_dequantFA2": 0.2234206463202937,
      "ratio_CDA_vs_fused_dequantFA2": 0.16782407165686422
    },
    {
      "B": 4,
      "N": 65536,
      "CDA_us": 986.1,
      "dequant_FA2_us": 5487.1,
      "fused_dequant_FA2_us": 6532.9,
      "ratio_CDA_vs_dequantFA2": 0.17971,
      "ratio_CDA_vs_fused_dequantFA2": 0.15094
    },
    {
      "B": 32,
      "N": 16384,
      "CDA_us": 1936.9,
      "dequant_FA2_us": 11852.8,
      "fused_dequant_FA2_us": 10401.8,
      "ratio_CDA_vs_dequantFA2": 0.16341,
      "ratio_CDA_vs_fused_dequantFA2": 0.18621
    }
  ]
}
