{
  "backend": "FA2",
  "B": 1,
  "N": 16384,
  "output_len": 128,
  "gpu_id": 1,
  "iters": 3,
  "per_round": [
    {
      "iter": 0,
      "elapsed_s": 3.259101327508688,
      "energy_j": 917.0853673851815,
      "avg_power_w": 286.26918461538446,
      "n_samples": 65,
      "total_tokens": 128,
      "mj_per_tok": 7164.72943269673
    },
    {
      "iter": 1,
      "elapsed_s": 3.2590429857373238,
      "energy_j": 965.0919612067734,
      "avg_power_w": 296.4400151515148,
      "n_samples": 66,
      "total_tokens": 128,
      "mj_per_tok": 7539.780946927917
    },
    {
      "iter": 2,
      "elapsed_s": 3.2604151107370853,
      "energy_j": 962.0269552963703,
      "avg_power_w": 295.2162575757578,
      "n_samples": 66,
      "total_tokens": 128,
      "mj_per_tok": 7515.835588252893
    }
  ],
  "mj_per_tok_mean": 7406.781989292514,
  "mj_per_tok_min": 7164.72943269673,
  "mj_per_tok_max": 7539.780946927917
}