{
  "backend": "FA2",
  "B": 1,
  "N": 4096,
  "output_len": 128,
  "gpu_id": 1,
  "iters": 2,
  "per_round": [
    {
      "iter": 0,
      "elapsed_s": 2.9549342915415764,
      "energy_j": 823.0519880473717,
      "avg_power_w": 283.5991016949155,
      "n_samples": 59,
      "total_tokens": 128,
      "mj_per_tok": 6430.093656620091
    },
    {
      "iter": 1,
      "elapsed_s": 2.9542711656540632,
      "energy_j": 846.7682391221301,
      "avg_power_w": 291.63869491525395,
      "n_samples": 59,
      "total_tokens": 128,
      "mj_per_tok": 6615.376868141641
    }
  ],
  "mj_per_tok_mean": 6522.735262380866,
  "mj_per_tok_min": 6430.093656620091,
  "mj_per_tok_max": 6615.376868141641
}