{
  "backend": "fa2",
  "model": "meta-llama/Llama-3.1-70B-Instruct",
  "tp": 4,
  "prefill": 8192,
  "gen": 128,
  "batch": 4,
  "tpot_ms_median": 72.06128537654877,
  "raw": [
    {
      "iter": 0,
      "elapsed_s": 9.224388360977173,
      "gen_tokens": 512,
      "tpot_ms_per_token": 72.06553407013416
    },
    {
      "iter": 1,
      "elapsed_s": 9.223844528198242,
      "gen_tokens": 512,
      "tpot_ms_per_token": 72.06128537654877
    },
    {
      "iter": 2,
      "elapsed_s": 9.22221326828003,
      "gen_tokens": 512,
      "tpot_ms_per_token": 72.04854115843773
    }
  ]
}
