{
  "backend": "fa2",
  "model": "meta-llama/Llama-3.1-70B-Instruct",
  "tp": 4,
  "prefill": 32768,
  "gen": 128,
  "batch": 4,
  "tpot_ms_median": 79.24339547753334,
  "raw": [
    {
      "iter": 0,
      "elapsed_s": 10.159785032272339,
      "gen_tokens": 512,
      "tpot_ms_per_token": 79.37332056462765
    },
    {
      "iter": 1,
      "elapsed_s": 10.130086898803711,
      "gen_tokens": 512,
      "tpot_ms_per_token": 79.14130389690399
    },
    {
      "iter": 2,
      "elapsed_s": 10.143154621124268,
      "gen_tokens": 512,
      "tpot_ms_per_token": 79.24339547753334
    }
  ]
}
