{
  "backend": "fa2",
  "model": "meta-llama/Llama-3.1-70B-Instruct",
  "tp": 4,
  "prefill": 8192,
  "gen": 128,
  "batch": 1,
  "tpot_ms_median": 60.332050547003746,
  "raw": [
    {
      "iter": 0,
      "elapsed_s": 7.7225024700164795,
      "gen_tokens": 128,
      "tpot_ms_per_token": 60.332050547003746
    },
    {
      "iter": 1,
      "elapsed_s": 7.724222898483276,
      "gen_tokens": 128,
      "tpot_ms_per_token": 60.3454913944006
    },
    {
      "iter": 2,
      "elapsed_s": 7.718788146972656,
      "gen_tokens": 128,
      "tpot_ms_per_token": 60.30303239822388
    }
  ]
}
