{
  "backend": "cda",
  "model": "meta-llama/Llama-3.1-70B-Instruct",
  "tp": 4,
  "prefill": 8192,
  "gen": 128,
  "batch": 4,
  "tpot_ms_median": 73.55108484625816,
  "raw": [
    {
      "iter": 0,
      "elapsed_s": 9.415123701095581,
      "gen_tokens": 512,
      "tpot_ms_per_token": 73.55565391480923
    },
    {
      "iter": 1,
      "elapsed_s": 9.414055824279785,
      "gen_tokens": 512,
      "tpot_ms_per_token": 73.54731112718582
    },
    {
      "iter": 2,
      "elapsed_s": 9.414538860321045,
      "gen_tokens": 512,
      "tpot_ms_per_token": 73.55108484625816
    }
  ]
}
