{
  "backend": "cda",
  "model": "meta-llama/Llama-3.1-70B-Instruct",
  "tp": 4,
  "prefill": 8192,
  "gen": 128,
  "batch": 16,
  "tpot_ms_median": 102.64507494866848,
  "raw": [
    {
      "iter": 0,
      "elapsed_s": 13.138569593429565,
      "gen_tokens": 2048,
      "tpot_ms_per_token": 102.64507494866848
    },
    {
      "iter": 1,
      "elapsed_s": 13.14842438697815,
      "gen_tokens": 2048,
      "tpot_ms_per_token": 102.72206552326679
    },
    {
      "iter": 2,
      "elapsed_s": 13.129188299179077,
      "gen_tokens": 2048,
      "tpot_ms_per_token": 102.57178358733654
    }
  ]
}
