{
  "1_4096": {
    "B": 1,
    "N": 4096,
    "tile_N": 256,
    "hmma_v3_us": 46.14400118589401
  },
  "1_32768": {
    "B": 1,
    "N": 32768,
    "tile_N": 256,
    "hmma_v3_us": 159.743994474411
  },
  "1_65536": {
    "B": 1,
    "N": 65536,
    "tile_N": 512,
    "hmma_v3_us": 282.80000388622284
  },
  "1_131072": {
    "B": 1,
    "N": 131072,
    "tile_N": 1024,
    "hmma_v3_us": 559.0400099754333
  },
  "16_32768": {
    "B": 16,
    "N": 32768,
    "tile_N": 256,
    "hmma_v3_us": 1777.5839567184448
  },
  "16_65536": {
    "B": 16,
    "N": 65536,
    "tile_N": 512,
    "hmma_v3_us": 3564.5439624786377
  },
  "16_131072": {
    "B": 16,
    "N": 131072,
    "tile_N": 1024,
    "hmma_v3_us": 7914.495944976807
  },
  "32_65536": {
    "B": 32,
    "N": 65536,
    "tile_N": 512,
    "hmma_v3_us": 7094.271898269653
  },
  "64_65536": {
    "B": 64,
    "N": 65536,
    "tile_N": 512,
    "hmma_v3_us": 14167.03987121582
  }
}