{
  "backend": "CDA",
  "B": 1,
  "N": 16384,
  "output_len": 128,
  "gpu_id": 1,
  "iters": 3,
  "per_round": [
    {
      "iter": 0,
      "elapsed_s": 3.6552896089851856,
      "energy_j": 1044.0275630988313,
      "avg_power_w": 289.70986301369857,
      "n_samples": 73,
      "total_tokens": 128,
      "mj_per_tok": 8156.465336709619
    },
    {
      "iter": 1,
      "elapsed_s": 3.6536731589585543,
      "energy_j": 1074.374264491463,
      "avg_power_w": 298.02257534246587,
      "n_samples": 73,
      "total_tokens": 128,
      "mj_per_tok": 8393.548941339555
    },
    {
      "iter": 2,
      "elapsed_s": 3.658150050789118,
      "energy_j": 1089.2336048846246,
      "avg_power_w": 297.921459459459,
      "n_samples": 74,
      "total_tokens": 128,
      "mj_per_tok": 8509.637538161129
    }
  ],
  "mj_per_tok_mean": 8353.2172720701,
  "mj_per_tok_min": 8156.465336709619,
  "mj_per_tok_max": 8509.637538161129
}