{
  "backend": "CDA",
  "B": 16,
  "N": 32768,
  "output_len": 128,
  "gpu_id": 1,
  "iters": 3,
  "per_round": [
    {
      "iter": 0,
      "elapsed_s": 16.78349905461073,
      "energy_j": 4881.628621313455,
      "avg_power_w": 292.2822215568858,
      "n_samples": 334,
      "total_tokens": 2048,
      "mj_per_tok": 2383.6077252507107
    },
    {
      "iter": 1,
      "elapsed_s": 17.08961202763021,
      "energy_j": 4992.330873697561,
      "avg_power_w": 292.742351906158,
      "n_samples": 341,
      "total_tokens": 2048,
      "mj_per_tok": 2437.6615594226373
    },
    {
      "iter": 2,
      "elapsed_s": 18.218438431620598,
      "energy_j": 5310.24103896331,
      "avg_power_w": 291.7476263736272,
      "n_samples": 364,
      "total_tokens": 2048,
      "mj_per_tok": 2592.8911323063035
    }
  ],
  "mj_per_tok_mean": 2471.386805659884,
  "mj_per_tok_min": 2383.6077252507107,
  "mj_per_tok_max": 2592.8911323063035
}