{
  "backend": "CDA",
  "B": 1,
  "N": 4096,
  "output_len": 128,
  "gpu_id": 1,
  "iters": 2,
  "per_round": [
    {
      "iter": 0,
      "elapsed_s": 3.1850651875138283,
      "energy_j": 922.6214047061103,
      "avg_power_w": 292.60973437500013,
      "n_samples": 64,
      "total_tokens": 128,
      "mj_per_tok": 7207.979724266486
    },
    {
      "iter": 1,
      "elapsed_s": 3.161923484876752,
      "energy_j": 936.3915056386948,
      "avg_power_w": 296.8665000000001,
      "n_samples": 64,
      "total_tokens": 128,
      "mj_per_tok": 7315.558637802303
    }
  ],
  "mj_per_tok_mean": 7261.769181034395,
  "mj_per_tok_min": 7207.979724266486,
  "mj_per_tok_max": 7315.558637802303
}