{
  "backend": "FA2",
  "B": 16,
  "N": 4096,
  "output_len": 128,
  "gpu_id": 1,
  "iters": 3,
  "per_round": [
    {
      "iter": 0,
      "elapsed_s": 4.643005443736911,
      "energy_j": 1348.7303832648547,
      "avg_power_w": 292.865666666667,
      "n_samples": 93,
      "total_tokens": 2048,
      "mj_per_tok": 658.5597574535424
    },
    {
      "iter": 1,
      "elapsed_s": 4.642802570015192,
      "energy_j": 1373.2878520829172,
      "avg_power_w": 298.14548387096744,
      "n_samples": 93,
      "total_tokens": 2048,
      "mj_per_tok": 670.5507090248619
    },
    {
      "iter": 2,
      "elapsed_s": 4.655478971078992,
      "energy_j": 1371.915897255187,
      "avg_power_w": 297.82444086021485,
      "n_samples": 93,
      "total_tokens": 2048,
      "mj_per_tok": 669.8808092066342
    }
  ],
  "mj_per_tok_mean": 666.3304252283461,
  "mj_per_tok_min": 658.5597574535424,
  "mj_per_tok_max": 670.5507090248619
}