{
  "backend": "FA2",
  "B": 1,
  "N": 32768,
  "output_len": 128,
  "gpu_id": 1,
  "iters": 3,
  "per_round": [
    {
      "iter": 0,
      "elapsed_s": 3.6482772193849087,
      "energy_j": 1061.78243404954,
      "avg_power_w": 294.59806849315055,
      "n_samples": 73,
      "total_tokens": 128,
      "mj_per_tok": 8295.175266012031
    },
    {
      "iter": 1,
      "elapsed_s": 3.6516340002417564,
      "energy_j": 1073.5011486979213,
      "avg_power_w": 297.76899999999966,
      "n_samples": 73,
      "total_tokens": 128,
      "mj_per_tok": 8386.72772420251
    },
    {
      "iter": 2,
      "elapsed_s": 3.6507741678506136,
      "energy_j": 1076.6292450348565,
      "avg_power_w": 298.6287260273973,
      "n_samples": 73,
      "total_tokens": 128,
      "mj_per_tok": 8411.165976834816
    }
  ],
  "mj_per_tok_mean": 8364.356322349786,
  "mj_per_tok_min": 8295.175266012031,
  "mj_per_tok_max": 8411.165976834816
}